Data from Bam 2023 Isotope Hydrology Studies in Ghana,,,,,,,,,,,,,,,,,,,,,,,,,,,,,
,,,,,,,,,,,,,,,,,,,,,,,,,,,,,
,,,,,,,,,Slope Analysis,,,,,,,,,,,Intercept Analysis,,,,,,,,,
Study,Location,slope,SE(Slope),intercept,SE(Intercept),n,R2,,w,T,w*T,w*T^2,w^2,w/w.,,wR,wR*T,wR/wR.,,w,T,w*T,w*T^2,w^2,w/w.,,wR,wR*T,wR/wR.
Aheampong and Hess 2000,Afram Plains ER,7.024921466,0.496972838,4.304125654,2.48498843,8,0.97,,4.049,7.025,28.443,199.81,16.393,0.002,,3.199,22.47,0.024,,0.162,4.304,0.697,3,0.026,0.001,,0.087,0.376,0.029
GAEC report,Densu Basin ER,6.397570231,0.377540421,8.63411513,1.038591198,14,0.96,,7.016,6.398,44.884,287.146,49.221,0.003,,4.803,30.729,0.035,,0.927,8.634,8.004,69.111,0.859,0.005,,0.157,1.358,0.052
Freitaga et al 2008,Axim,5.78760594,0.358544493,3.759578051,0.992699998,30,0.9,,7.779,5.788,45.021,260.562,60.51,0.004,,5.149,29.801,0.038,,1.015,3.76,3.815,14.343,1.03,0.006,,0.16,0.6,0.053
Freitaga et al 2008,Ejura,7.697400875,0.384097884,5.584400748,1.368268479,39,0.92,,6.778,7.697,52.175,401.61,45.944,0.003,,4.691,36.106,0.035,,0.534,5.584,2.983,16.658,0.285,0.003,,0.14,0.781,0.046
Freitaga et al 2008,Tamale,8.0355285,0.408990182,7.928564102,1.627092279,30,0.93,,5.978,8.036,48.038,386.014,35.739,0.003,,4.293,34.498,0.032,,0.378,7.929,2.995,23.745,0.143,0.002,,0.126,1,0.042
"Afrifa goerge Yamoah, 2013",GUSHIEGU AND SURROUNDING AREAS,7.474410921,0.793469147,5.473688361,6.774486899,12,0.9,,1.588,7.474,11.872,88.735,2.523,0.001,,1.438,10.751,0.011,,0.022,5.474,0.119,0.653,0,0,,0.02,0.107,0.006
"Kretchy, 2013",Amdedzofe,7.116736782,0.333602414,7.115151,1.152365241,51,0.9,,8.985,7.117,63.947,455.096,80.739,0.004,,5.651,40.22,0.042,,0.753,7.115,5.358,38.123,0.567,0.004,,0.151,1.077,0.05
"Kretchy, 2013",Akatsi,7.09167377,0.372358193,7.472422377,0.846691819,24,0.94,,7.212,7.092,51.148,362.723,52.018,0.003,,4.895,34.711,0.036,,1.395,7.472,10.423,77.888,1.946,0.008,,0.167,1.246,0.055
"Kretchy, 2013",Kpando,7.450612144,0.292005309,10.32368113,0.941729704,34,0.95,,11.728,7.451,87.38,651.032,137.543,0.005,,6.626,49.367,0.049,,1.128,10.324,11.641,120.176,1.271,0.006,,0.162,1.675,0.054
"Ganyaglo et al, 2015",Saltpond,6.486435014,0.304529499,5.453963819,0.662778565,56,0.89,,10.783,6.486,69.943,453.684,116.274,0.005,,6.313,40.951,0.047,,2.276,5.454,12.416,67.715,5.182,0.013,,0.175,0.954,0.058
"Ganyaglo et al, 2015",Twifo Praso,6.862570508,0.320969067,3.840855217,0.567258505,77,0.85,,9.707,6.863,66.613,457.138,94.221,0.004,,5.928,40.685,0.044,,3.108,3.841,11.936,45.845,9.658,0.018,,0.179,0.686,0.059
"Fynn, et al., 2015",Nabogo,7.28267587,0.293011431,4.770302097,2.138950498,24,0.96,,11.647,7.283,84.825,617.75,135.663,0.005,,6.6,48.067,0.049,,0.219,4.77,1.043,4.974,0.048,0.001,,0.101,0.484,0.034
"Akiti, 1986",Bolgatanga,8.406638871,1.044462192,17.77515495,5.660364776,8,0.92,,0.917,8.407,7.706,64.783,0.84,0,,0.865,7.269,0.006,,0.031,17.775,0.555,9.861,0.001,0,,0.027,0.476,0.009
"Akiti, 1986",Aburi- Accra,7.568612019,0.227751057,11.61893109,1.263802453,9,0.99,,19.279,7.569,145.913,1104.363,371.671,0.009,,8.509,64.399,0.063,,0.626,11.619,7.275,84.523,0.392,0.004,,0.145,1.69,0.048
Addai et al 2016,Nasia basin (West Mamprusi and East Mamprusi),7.07933417,0.236730092,3.486498264,1.435593447,37,0.96,,17.844,7.079,126.324,894.289,318.41,0.008,,8.217,58.172,0.061,,0.485,3.486,1.692,5.898,0.235,0.003,,0.136,0.475,0.045
Adomako et al 2010,Densu Basin ER,7.692032115,0.088279414,10.54641228,0.357307558,20,1,,128.316,7.692,987.011,7592.124,16465.019,0.058,,13.615,104.725,0.1,,7.833,10.546,82.608,871.214,61.352,0.045,,0.185,1.951,0.061
Adomako et al. 2011,Koforidua,7.800512697,0.044786696,11.21866551,0.221117041,27,1,,498.542,7.801,3888.885,30335.296,248544.348,0.227,,14.779,115.286,0.109,,20.453,11.219,229.455,2574.174,418.322,0.117,,0.188,2.106,0.062
Mensah et al. 2014,Sugu-Tampia -Ying- Ligba ,7.40351403,0.586738725,5.029379703,4.826790681,13,0.93,,2.905,7.404,21.505,159.216,8.438,0.001,,2.44,18.061,0.018,,0.043,5.029,0.216,1.086,0.002,0,,0.035,0.176,0.012
Nyarko et al. 2010_Pawlugu,Pawlugu,6.787267568,0.775802857,9.502174595,2.076491575,6,1,,1.661,6.787,11.277,76.54,2.761,0.001,,1.498,10.168,0.011,,0.232,9.502,2.204,20.94,0.054,0.001,,0.104,0.991,0.035
Nyarko et al. 2010 Tindana,Tindama*,7.621921714,0.026584201,7.869228921,0.087128843,7,1,,1414.988,7.622,10784.928,82201.881,2002191.304,0.645,,15.069,114.852,0.111,,131.727,7.869,1036.593,8157.188,17352.106,0.753,,0.189,1.489,0.063
Pelig-Ba 2009Tamale,Tamale,6.788740637,0.754558178,0.398473145,1.996953967,11,0.9,,1.756,6.789,11.924,80.946,3.085,0.001,,1.575,10.691,0.012,,0.251,0.398,0.1,0.04,0.063,0.001,,0.108,0.043,0.036
Yidana et al 2014,West Mamprusi District,7.26634691,0.311301502,4.77937155,2.297765511,21,0.97,,10.319,7.266,74.981,544.841,106.482,0.005,,6.151,44.698,0.045,,0.189,4.779,0.905,4.326,0.036,0.001,,0.095,0.453,0.031
,,,,,,,,,,,,,,,,,,,,,,,,,,,,,
,mean =,7.196,0.457,7.652,2.025,,Sums,,2193.671,,16738.958,127826.919,2268851.573,1,,135.531,986.83,1,,174.871,183.644,1445.6,12357.353,17854.712,1,,3.018,22.34,1
,,,,,,,,,,,,,,,,,,,,,,,,,,,,,
,,,,,,,,,,,,,,,,,,,,,,,,,,,,,
,,,,,,,,,Meta-analysis of Slopes,,,,,,,Meta-analysis of Intercepts,,,,,,,,,,,,,
,,,,,,,,,Fixed Effects Analysis,,,Random Effects Analysis,,,,Fixed Effects Analysis,,,,Random Effects Analysis,,,,,,,,,
,,,,,,,,,T. = ,7.631,,T. = ,7.281,,,T. = ,8.267,,,T. = ,7.403,,,,,,,,
,,,,,,,,,v. = ,0.0005,,v. = ,0.0074,,,v. = ,0.0057,,,v. = ,0.331,,,,,,,,
,,,,,,,,,SE(T.) = ,0.021,,SE(T.) = ,0.086,,,SE(T.) = ,0.076,,,SE(T.) = ,0.576,,,,,,,,
,,,,,,,,,Q = ,99.122,,,,,,Q = ,407.094,,,,,,,,,,,,
,,,,,,,,,df = ,23,,,,,,df = ,23,,,,,,,,,,,,
,,,,,,,,,p = ,0,,,,,,p = ,6.15E-72,,,,,,,,,,,,
,,,,,,,,,tau^2 = ,0.066,,,,,,tau^2 = ,5.28,,,,,,,,,,,,
"Personal communication on recent isotope data collection between 2019 and 2021 in Ghana (Cynthia Laar, Ghana Atmic Energy Commission)",,,,,,,,,,,,,,,,,,,,,,,,,,,,,
METHOD ,Data type,Record period,No. of samples,No. of Sites,SLOPE,SES,INTERCEPT,SEI,,,,,,,,,,,,,,,,,,,,,
OSLR,Extracted data,1986 - 2016 (20 years),581,24,7.23,0.07,6.37,0.3,,7.282470615,0.084093658,6.538652656,0.321951424,,,,,,,,,,,,,,,,
OSLR,Continuous sampling,2019 - 2021 (3 years),605,8,7.12,0.07,6.16,0.26,,,,,,,,,,,,,,,,,,,,,
PWLSR,Continuous sampling,"2019 - 2021 ("" "")",605,8,7.31,0.07,7.24,0.31,,,,,,,,,,,,,,,,,,,,,
REM,Extracted data,1986 - 2016 (20 years),581,24,7.28,0.09,7.4,0.58,,,,,,,,,,,,,,,,,,,,,
,,,,,,,,,,,,,,,,,,,,,,,,,,,,,
,,,,,,,,,,,,,,Analysis,Effect size,SDpooled,Hedges's G,,Waldtest,,,,,,,,,,
,,,,,,,,,,,,,,,,,g,g',p,z,,,,,,,,,
Effect size,,,,,,,,,,,,,,REM - OSLR,Slope,0.080216012,2.042362225,1.887984925,,,,,,,,,,,
Analysis,Quantity,SDpooled,Hedges's G,Corrected,,,,,,,,,,REM - OSLR,Intercept,0.447083333,2.779939732,2.569810703,,,,,,,,,,,
REM - OSLR,Slope,0.08,2.04,1.89,,,,,,,,,,REM - PWLSR,Slope,0.080262218,0.334775792,0.309470886,>0.3,0.26,,,,,,,,,
REM - OSLR,Intercept,0.45,2.78,2.57,,,,,,,,,,REM - PWLSR,Intercept,0.460723237,0.345684149,0.319554706,>0.3,0.24,,,,,,,,,
REM - PWLSR,Slope,0.08,0.33,0.31,,,,,,,,,,,,,,,,,,,,,,,,,
REM - PWLSR,Intercept,0.46,0.35,0.32,,,,,,,,,,,,,,,,,,,,,,,,,
,,,,,,,,,,,,,,,,,,,,,,,,,,,,,
Interpreting Results,,,,,,,,,,,,,,,,,,,,,,,,,,,,,
"A g of 1 indicates the two groups differ by 1 standard deviation, a g of 2 indicates they differ by 2 standard deviations, and so on. Standard deviations are equivalent to z-scores (1 standard deviation = 1 z-score).",,,,,,,,,,,,,,,,,,,,,,,,,,,,,
,,,,,,,,,,,,,,,,,,,,,,,,,,,,,
,,,,,,,,,,,,,,,,,,,,,,,,,,,,,
Method,Monitoring type,Period,# samples,Sites,Slope (a),SEs,,,Wald test,,,,,,,,,,,,,,,,,,,,
OSLR,Short-term,1986/ 2016,581,24,7.23,0.07,,,,,,,,,,,,,,,,,,,,,,,
OSLR,Continuous,2019/ 2021,605,8,7.12,0.07,,,,,,,,,,,,,,,,,,,,,,,
PWLSR,Continuous,201/2021,605,8,7.31,0.07,,,,,,,,,,,,,,,,,,,,,,,
This study (REM) ,Short-term,1986 /2016,581,24,7.28,0.09,,,-,,,,,,,,,,,,,,,,,,,,
,,,,,,,,,,,,,,,,,,,,,,,,,,,,,
Analytic method,Equation coefficients,,Wald test,,Equation coefficeints,,Wald test,,,,,,,,,,,,,,,,,,,,,,
,Slope (a),SEs,pval,z-val,Intercept (d),Sei,pval,z val,,,,,,,,,,,,,,,,,,,,,
This study (REM) ,7.28,0.09,-,-,7.4,0.58,-,-,,,,,,,,,,,,,,,,,,,,,
PWLSR,7.31,0.07,0.79,-0.26,7.24,0.31,0.85,0.19,,,,,,,,,,,,,,,,,,,,,
OSLR,7.23,0.07,0.66,0.44,6.37,0.3,0.22,1.23,,,,,,,,,,,,,,,,,,,,,
OSLR,7.12,0.07,0.16,1.4,6.16,0.26,0.13,1.51,,,,,,,,,,,,,,,,,,,,,
,,,,,,,,,,,,,,,,,,,,,,,,,,,,,
,,,,,,,,,,,,,,,,,,,,,,,,,,,,,
,,,,,,,,,,,,,,,,,,,,,,,,,,,,,
,,,,,,,,,,,,,,,,,,,,,,,,,,,,,
,,,,,,,,,,,,,,,,,,,,,,,,,,,,,
,,,,,,,,,,,,,,,,,,,,,,,,,,,,,
,,,,,,,,,,,,,,,,,,,,,,,,,,,,,
,,,,,,,,,,,,,,,,,,,,,,,,,,,,,
,,,,,,,,,,,,,,,,,,,,,,,,,,,,,
,,,,,,,,,,,,,,,,,,,,,,,,,,,,,
,Monitoring type,Period,# samples,Sites,,,,,,,,,,,,,,,,,,,,,,,,,
,Short-term,1986/ 2016,581,24,,,,,,,,,,,,,,,,,,,,,,,,,
,Continuous,2019/ 2021,605,8,,,,,,,,,,,,,,,,,,,,,,,,,
,Continuous,201/2021,605,8,,,,,,,,,,,,,,,,,,,,,,,,,
,Short-term,1986 /2016,581,24,,,,,,,,,,,,,,,,,,,,,,,,,
